City_ID,City,Country,Date,Lat,Lng,Max Temp,Humidity,Cloudiness,Wind Speed
0,Leua,SK,2021-01-31 15:02:08,48.2156,18.6071,37.99,72,100,3.85
1,Geraldton,AU,2021-01-31 15:02:08,-28.7667,114.6,78.8,57,0,19.57
2,Mataura,NZ,2021-01-31 15:02:08,-46.1927,168.8643,55.17,71,100,2.06
3,Weymouth,US,2021-01-31 15:02:08,42.2209,-70.9398,19.0,52,40,3.44
4,Torbay,CA,2021-01-31 15:02:08,47.6666,-52.7314,33.01,93,90,12.66
5,Arraial Do Cabo,BR,2021-01-31 15:00:07,-22.9661,-42.0278,89.6,51,0,18.41
6,Bredasdorp,ZA,2021-01-31 15:02:09,-34.5322,20.0403,75.0,68,0,8.99
7,Niquelandia,BR,2021-01-31 15:00:32,-14.4739,-48.4597,88.93,52,46,2.08
8,Bairiki,KI,2021-01-31 15:02:09,1.3292,172.9752,80.6,89,75,6.91
9,Villamontes,BO,2021-01-31 15:02:09,-21.25,-63.5,91.89,39,40,4.45
10,Vaini,TO,2021-01-31 15:02:09,-21.2,-175.2,73.4,100,90,5.75
11,Hami,CN,2021-01-31 15:02:10,42.8,93.45,25.95,80,0,5.35
12,Qaanaaq,GL,2021-01-31 15:02:10,77.484,-69.3632,-3.03,89,100,1.68
13,Ambulu,ID,2021-01-31 15:02:10,-8.345,113.6058,77.68,85,100,1.81
14,Port Hardy,CA,2021-01-31 15:00:08,50.6996,-127.4199,42.8,100,75,5.75
15,Souillac,MU,2021-01-31 15:02:11,-20.5167,57.5167,84.2,65,75,10.36
16,Krasnoselkup,RU,2021-01-31 15:02:11,65.7,82.4667,-15.99,86,100,19.48
17,Gao,ML,2021-01-31 15:02:11,16.6362,1.637,86.95,11,14,8.95
18,Atuona,PF,2021-01-31 15:02:11,-9.8,-139.0333,78.12,76,20,15.1
19,Rikitea,PF,2021-01-31 15:02:11,-23.1203,-134.9692,78.44,71,22,10.22
20,Saint-Joseph,RE,2021-01-31 15:02:11,-21.3667,55.6167,84.2,70,0,28.77
21,Bowen,AU,2021-01-31 15:02:11,-20.0167,148.2333,75.2,88,72,6.91
22,Lompoc,US,2021-01-31 15:02:12,34.6391,-120.4579,50.0,93,1,5.75
23,Iqaluit,CA,2021-01-31 15:02:12,63.7506,-68.5145,-13.0,70,75,3.44
24,Ushuaia,AR,2021-01-31 15:00:45,-54.8,-68.3,50.0,62,75,9.22
25,Thompson,CA,2021-01-31 15:02:12,55.7435,-97.8558,12.2,85,90,2.3
26,Mahibadhoo,MV,2021-01-31 15:02:01,3.7833,72.9667,81.63,77,9,11.48
27,Broken Hill,AU,2021-01-31 14:58:05,-31.95,141.4333,78.8,25,64,13.8
28,Sitka,US,2021-01-31 15:02:13,57.0531,-135.33,33.8,60,20,3.44
29,Kondinskoye,RU,2021-01-31 15:02:13,59.6481,67.41,5.32,95,86,3.69
30,Manicore,BR,2021-01-31 15:02:13,-5.8092,-61.3003,89.11,56,36,5.08
31,Chuy,UY,2021-01-31 15:02:13,-33.6971,-53.4616,68.65,89,100,18.07
32,Sao Filipe,CV,2021-01-31 15:02:13,14.8961,-24.4956,76.8,56,7,12.06
33,Puerto Madero,MX,2021-01-31 15:02:14,14.7208,-92.4215,71.6,100,1,5.86
34,Sola,VU,2021-01-31 15:02:14,-13.8833,167.55,80.65,74,97,8.75
35,Mar Del Plata,AR,2021-01-31 15:02:14,-38.0023,-57.5575,62.6,63,90,16.11
36,Hilo,US,2021-01-31 15:02:15,19.7297,-155.09,68.0,88,90,4.61
37,Hermanus,ZA,2021-01-31 15:02:15,-34.4187,19.2345,75.0,68,14,8.99
38,Cherskiy,RU,2021-01-31 15:02:15,68.75,161.3,-23.96,81,100,1.63
39,Victoria,HK,2021-01-31 14:58:08,22.2855,114.1577,66.0,76,59,12.03
40,Mubi,NG,2021-01-31 15:02:15,10.2676,13.2644,95.56,10,36,7.58
41,Mahebourg,MU,2021-01-31 15:02:15,-20.4081,57.7,84.2,65,75,10.36
42,Khatanga,RU,2021-01-31 15:02:16,71.9667,102.5,-45.76,78,54,3.67
43,Yerbogachen,RU,2021-01-31 15:02:16,61.2767,108.0108,-32.78,80,23,5.1
44,Korla,CN,2021-01-31 15:02:16,41.7597,86.1469,24.37,81,33,2.46
45,Arica,CL,2021-01-31 14:58:14,-18.475,-70.3042,71.6,64,90,8.05
46,Henties Bay,NA,2021-01-31 15:02:17,-22.116,14.2845,70.0,79,85,13.73
47,Cape Town,ZA,2021-01-31 15:01:19,-33.9258,18.4232,78.01,73,75,14.97
48,Mount Isa,AU,2021-01-31 15:00:54,-20.7333,139.5,86.0,39,40,5.75
49,Tasiilaq,GL,2021-01-31 15:02:18,65.6145,-37.6368,17.6,49,75,1.14
50,Xai-Xai,MZ,2021-01-31 15:02:18,-25.0519,33.6442,83.86,71,65,13.22
51,Busselton,AU,2021-01-31 15:02:18,-33.65,115.3333,66.0,78,0,3.0
52,Kapaa,US,2021-01-31 15:02:18,22.0752,-159.319,71.6,83,75,18.41
53,Melfi,IT,2021-01-31 15:02:19,40.9965,15.6514,59.0,93,90,23.02
54,Bethel,US,2021-01-31 15:02:19,41.3712,-73.414,17.01,67,1,4.61
55,Bukachacha,RU,2021-01-31 15:02:19,52.9833,116.9167,-24.25,80,66,2.93
56,Pisco,PE,2021-01-31 15:02:19,-13.7,-76.2167,73.4,68,0,9.22
57,Tuatapere,NZ,2021-01-31 15:02:19,-46.1333,167.6833,54.46,79,100,4.47
58,Tuktoyaktuk,CA,2021-01-31 15:02:20,69.4541,-133.0374,-34.6,67,40,3.44
59,San Patricio,US,2021-01-31 15:02:20,28.017,-97.5169,62.6,72,1,9.22
60,Jablah,SY,2021-01-31 15:02:20,35.3614,35.9256,62.6,72,40,3.44
61,Riyadh,SA,2021-01-31 15:00:00,24.6877,46.7219,71.6,23,0,4.61
62,Osa,RU,2021-01-31 15:02:21,57.2829,55.4567,24.26,97,100,12.68
63,Kavieng,PG,2021-01-31 15:02:21,-2.5744,150.7967,83.68,78,100,12.41
64,Kodiak,US,2021-01-31 15:02:21,57.79,-152.4072,26.6,43,1,3.44
65,Nador,MA,2021-01-31 15:02:21,35.174,-2.9287,69.8,68,20,23.02
66,Benidorm,ES,2021-01-31 15:02:21,38.5382,-0.131,66.99,52,100,8.99
67,Kaitangata,NZ,2021-01-31 15:02:21,-46.2817,169.8464,61.0,91,100,1.99
68,Albany,US,2021-01-31 14:58:32,42.6001,-73.9662,9.0,63,98,3.58
69,Leiyang,CN,2021-01-31 15:02:22,26.4024,112.8591,53.4,70,65,2.66
70,Namibe,AO,2021-01-31 15:02:22,-15.1961,12.1522,77.49,66,98,10.94
71,Mankono,CI,2021-01-31 15:02:22,8.0586,-6.1897,99.46,11,59,5.64
72,Jamestown,US,2021-01-31 15:00:23,42.097,-79.2353,25.0,93,90,9.22
73,Copiapo,CL,2021-01-31 15:02:22,-27.3667,-70.3333,66.2,77,90,9.22
74,Brae,GB,2021-01-31 15:02:23,60.3964,-1.353,33.8,86,40,13.8
75,Mananjary,MG,2021-01-31 15:02:23,-21.2167,48.3333,83.39,75,30,9.37
76,Kruisfontein,ZA,2021-01-31 15:02:23,-34.0033,24.7314,79.0,60,0,7.0
77,Fortuna,US,2021-01-31 15:02:23,40.5982,-124.1573,53.01,93,90,26.46
78,San Cristobal,VE,2021-01-31 15:02:23,7.7669,-72.225,77.0,73,40,2.3
79,Arizona,US,2021-01-31 15:02:23,34.5003,-111.501,35.6,44,1,5.75
80,Klaksvik,FO,2021-01-31 15:02:23,62.2266,-6.589,28.4,69,75,4.61
81,Coquimbo,CL,2021-01-31 15:02:24,-29.9533,-71.3436,68.0,83,20,12.66
82,Tynda,RU,2021-01-31 15:02:24,55.1667,124.7167,-37.68,79,91,3.27
83,Sanmenxia,CN,2021-01-31 15:02:24,34.7747,111.1814,42.42,48,9,3.27
84,Alugan,PH,2021-01-31 15:02:24,12.2188,125.4808,78.24,82,86,16.73
85,Belyy Yar,RU,2021-01-31 15:02:24,53.6039,91.3903,-16.6,69,50,1.19
86,Puerto Leguizamo,CO,2021-01-31 15:02:24,-0.1934,-74.7819,82.65,61,97,1.86
87,Angoche,MZ,2021-01-31 15:02:25,-16.2325,39.9086,83.23,74,87,13.71
88,Hanstholm,DK,2021-01-31 15:02:25,57.1167,8.6167,36.0,86,0,16.89
89,Punta Arenas,CL,2021-01-31 14:59:22,-53.15,-70.9167,55.4,58,75,23.02
90,Puerto Ayora,EC,2021-01-31 15:02:25,-0.7393,-90.3518,80.6,74,0,12.66
91,Castro,BR,2021-01-31 15:02:25,-24.7911,-50.0119,70.95,80,100,7.25
92,Pathein,MM,2021-01-31 15:02:25,16.7833,94.7333,74.46,57,59,8.66
93,Belle Glade,US,2021-01-31 15:02:26,26.6845,-80.6676,73.0,77,50,5.01
94,Yellowknife,CA,2021-01-31 15:01:27,62.456,-114.3525,-11.99,84,75,6.91
95,Noshiro,JP,2021-01-31 15:02:26,40.2039,140.0242,28.36,88,1,5.59
96,Upernavik,GL,2021-01-31 15:02:26,72.7868,-56.1549,-1.03,88,100,6.55
97,Dauriya,RU,2021-01-31 15:02:26,49.9333,116.8667,-25.69,82,16,5.75
98,Mercedes,AR,2021-01-31 15:02:26,-34.6515,-59.4307,70.0,69,97,10.0
99,Oktyabrskiy,RU,2021-01-31 15:02:27,54.4815,53.471,24.17,94,86,9.75
100,Ixtapa,MX,2021-01-31 15:00:15,20.7,-105.2,59.0,94,1,1.63
101,Jardim,BR,2021-01-31 15:01:18,-21.4803,-56.1381,84.6,68,100,8.97
102,Saskylakh,RU,2021-01-31 15:02:27,71.9167,114.0833,-31.07,83,90,8.12
103,East London,ZA,2021-01-31 15:02:27,-33.0153,27.9116,77.0,83,40,8.05
104,Olafsvik,IS,2021-01-31 15:02:27,64.8945,-23.7142,25.56,91,100,7.2
105,Cap Malheureux,MU,2021-01-31 15:02:27,-19.9842,57.6142,82.0,72,27,8.99
106,Butaritari,KI,2021-01-31 15:02:28,3.0707,172.7902,80.46,82,47,13.76
107,Ancud,CL,2021-01-31 15:02:28,-41.8697,-73.8203,62.6,63,0,5.75
108,Adrar,MR,2021-01-31 15:02:28,20.5022,-10.0711,84.4,13,43,9.13
109,Udachnyy,RU,2021-01-31 15:02:28,66.4167,112.4,-36.54,80,100,7.78
110,Aksarka,RU,2021-01-31 15:02:28,66.5606,67.7975,-9.98,90,100,8.41
111,Comodoro Rivadavia,AR,2021-01-31 15:01:19,-45.8667,-67.5,69.8,52,0,10.36
112,Faanui,PF,2021-01-31 15:02:29,-16.4833,-151.75,80.87,74,100,10.87
113,Tucumcari,US,2021-01-31 15:02:29,35.1717,-103.725,33.8,60,1,4.79
114,Port Lincoln,AU,2021-01-31 15:02:29,-34.7333,135.8667,64.04,75,96,7.7
115,Port Alfred,ZA,2021-01-31 15:02:29,-33.5906,26.891,75.99,77,4,1.99
116,Melfort,CA,2021-01-31 15:02:29,52.8667,-104.6177,14.0,85,45,2.3
117,Auki,SB,2021-01-31 15:02:29,-8.7676,160.7034,79.43,82,100,11.05
118,Avarua,CK,2021-01-31 15:02:30,-21.2078,-159.775,73.4,100,96,3.44
119,Mangrol,IN,2021-01-31 15:02:30,21.1167,70.1167,70.57,62,0,9.55
120,Umm Kaddadah,SD,2021-01-31 15:02:30,13.6017,26.6876,84.56,12,0,13.89
121,Pokhara,NP,2021-01-31 15:02:30,28.2333,83.9833,49.33,48,0,3.6
122,Isangel,VU,2021-01-31 15:02:30,-19.55,169.2667,78.3,81,58,14.79
123,Saint-Philippe,RE,2021-01-31 15:02:31,-21.3585,55.7679,84.2,70,0,28.77
124,Georgetown,MY,2021-01-31 14:58:12,5.4112,100.3354,82.4,83,20,2.3
125,Aksu,CN,2021-01-31 15:02:31,41.1231,80.2644,23.59,78,95,1.54
126,Guayaramerin,BO,2021-01-31 15:02:31,-10.8368,-65.3614,80.6,83,75,8.05
127,Margate,GB,2021-01-31 15:02:31,51.3813,1.3862,37.99,84,100,5.99
128,Bluff,NZ,2021-01-31 15:02:31,-46.6,168.3333,54.45,86,100,7.34
129,Naze,JP,2021-01-31 14:58:02,28.3667,129.4833,57.45,63,8,8.72
130,Amapa,BR,2021-01-31 15:02:32,1.0,-52.0,79.38,91,80,3.74
131,Hobart,AU,2021-01-31 15:02:32,-42.8794,147.3294,60.01,82,40,8.05
132,Bonfim,BR,2021-01-31 15:02:32,3.0833,-59.95,86.81,58,64,11.25
133,Esperance,AU,2021-01-31 15:02:32,-33.8667,121.9,62.6,72,0,10.36
134,Nikolskoye,RU,2021-01-31 15:02:33,59.7035,30.7861,26.6,86,75,4.47
135,Lubyany,RU,2021-01-31 15:02:33,56.0378,51.4,32.0,55,0,13.42
136,Dikson,RU,2021-01-31 15:02:33,73.5069,80.5464,-30.42,78,19,8.03
137,Klang,MY,2021-01-31 15:02:33,3.0333,101.45,77.0,94,40,6.91
138,Moss Point,US,2021-01-31 15:02:33,30.4116,-88.5345,66.2,82,90,3.44
139,Kontagora,NG,2021-01-31 15:02:33,10.3999,5.4695,100.67,8,10,3.67
140,Tautira,PF,2021-01-31 15:01:57,-17.7333,-149.15,75.2,69,75,11.1
141,Bengkulu,ID,2021-01-31 15:02:34,-3.8004,102.2655,77.16,85,100,4.32
142,Kaeo,NZ,2021-01-31 15:02:34,-35.1,173.7833,55.0,93,0,5.01
143,Norman Wells,CA,2021-01-31 15:02:34,65.282,-126.8329,-20.2,76,75,5.75
144,Constitucion,CL,2021-01-31 15:02:34,-35.3333,-72.4167,65.91,72,9,4.36
145,Khani,GE,2021-01-31 15:02:35,41.9563,42.9566,53.6,50,90,2.3
146,Khash,IR,2021-01-31 15:02:35,28.2211,61.2158,55.63,38,0,8.59
147,Chama,CH,2021-01-31 15:02:35,47.1821,8.4636,48.0,76,90,2.28
148,Sakakah,SA,2021-01-31 15:02:35,29.9697,40.2064,68.0,18,0,6.91
149,Bilibino,RU,2021-01-31 15:02:35,68.0546,166.4372,-15.99,83,100,6.69
150,Cabedelo,BR,2021-01-31 15:00:16,-6.9811,-34.8339,84.2,70,75,13.8
151,Kourou,GF,2021-01-31 15:02:35,5.1552,-52.6478,82.4,74,90,16.11
152,Maragogi,BR,2021-01-31 15:02:36,-9.0122,-35.2225,84.09,66,55,11.59
153,Atar,MR,2021-01-31 15:02:11,20.5169,-13.0499,89.67,11,62,12.77
154,Airai,TL,2021-01-31 15:02:36,-8.9266,125.4092,61.7,100,100,3.58
155,Sao Miguel Do Araguaia,BR,2021-01-31 15:02:36,-13.275,-50.1628,87.26,65,36,2.33
156,New Norfolk,AU,2021-01-31 15:02:36,-42.7826,147.0587,60.01,66,83,2.28
157,Verkhniy Rohachyk,UA,2021-01-31 15:02:36,47.2505,34.338,37.11,75,99,5.3
158,Cururupu,BR,2021-01-31 15:02:37,-1.8283,-44.8683,89.01,56,39,8.52
159,Zaranj,AF,2021-01-31 15:02:37,30.9667,61.8833,66.2,22,0,6.91
160,Sur,OM,2021-01-31 15:02:37,22.5667,59.5289,69.4,58,0,4.38
161,Amberley,US,2021-01-31 15:02:37,39.2048,-84.428,36.0,100,90,8.05
162,Maridi,SS,2021-01-31 15:02:37,4.9158,29.4742,95.16,16,92,7.07
163,Barrow,US,2021-01-31 15:01:30,71.2906,-156.7887,-16.6,69,90,9.22
164,Muswellbrook,AU,2021-01-31 15:02:38,-32.2667,150.9,72.0,78,93,1.01
165,Ponta Delgada,PT,2021-01-31 15:02:38,37.7333,-25.6667,62.6,94,75,12.66
166,Rohatyn,UA,2021-01-31 15:02:38,49.409,24.6093,30.2,64,75,2.24
167,Pokrovsk,UA,2021-01-31 15:02:38,48.282,37.1758,32.72,90,90,7.58
168,Lata,PT,2021-01-31 15:02:38,40.1629,-8.3327,61.0,100,100,13.0
169,Papayal,PE,2021-01-31 15:02:38,-4.0761,-80.7361,84.24,47,0,0.47
170,Puro,PH,2021-01-31 15:02:39,12.4841,123.3827,76.96,78,91,13.13
171,Nome,US,2021-01-31 15:02:39,64.5011,-165.4064,-4.0,59,75,5.75
172,Luang Prabang,LA,2021-01-31 15:02:39,19.8856,102.1347,66.4,72,48,0.63
173,Ciudad Bolivar,VE,2021-01-31 15:02:39,8.1222,-63.5497,84.94,59,95,12.01
174,Palmer,US,2021-01-31 15:02:39,42.1584,-72.3287,12.99,61,20,8.05
175,Inhambane,MZ,2021-01-31 15:02:40,-23.865,35.3833,87.8,66,20,11.5
176,Koshurnikovo,RU,2021-01-31 15:02:40,54.1667,93.3,-16.33,87,11,3.65
177,Tiksi,RU,2021-01-31 15:02:40,71.6872,128.8694,-26.16,86,100,6.11
178,Kuching,MY,2021-01-31 15:00:23,1.55,110.3333,77.0,94,40,5.75
179,Gravina In Puglia,IT,2021-01-31 15:02:40,40.8197,16.4228,51.01,84,100,15.01
180,Rio Claro,BR,2021-01-31 15:02:40,-22.4114,-47.5614,91.0,54,0,5.75
181,Hualmay,PE,2021-01-31 15:02:41,-11.0964,-77.6139,75.79,66,49,11.48
182,Champerico,GT,2021-01-31 15:02:41,14.3,-91.9167,73.4,68,0,7.25
183,Monkey Hill,KN,2021-01-31 15:02:41,17.3167,-62.7167,82.4,65,40,17.27
184,Paita,PE,2021-01-31 15:02:41,-5.0892,-81.1144,78.8,61,0,14.97
185,Zhuhai,CN,2021-01-31 15:02:41,22.2769,113.5678,70.0,82,40,4.61
186,Kaseda,JP,2021-01-31 15:02:41,31.4167,130.3167,41.0,67,0,4.0
187,Waddan,LY,2021-01-31 15:02:41,29.1614,16.139,78.78,16,0,18.34
188,Sosnovo-Ozerskoye,RU,2021-01-31 15:02:42,52.5249,111.5418,-26.39,84,32,11.43
189,Kayes,ML,2021-01-31 15:02:42,14.0,-11.0,97.14,8,100,8.57
190,Clyde River,CA,2021-01-31 15:02:42,70.4692,-68.5914,5.0,78,90,20.71
191,Praia Da Vitoria,PT,2021-01-31 15:02:42,38.7333,-27.0667,68.0,83,40,24.92
192,Kahului,US,2021-01-31 15:00:19,20.8947,-156.47,69.8,83,40,14.97
193,Toora-Khem,RU,2021-01-31 15:02:42,52.4675,96.11,-18.2,84,7,1.79
194,Abu Dhabi,AE,2021-01-31 14:58:53,24.4667,54.3667,71.6,64,0,12.66
195,Ureki,GE,2021-01-31 15:02:43,41.9956,41.7786,53.6,76,40,4.61
196,Husavik,IS,2021-01-31 15:02:43,66.0449,-17.3389,12.2,79,0,4.61
197,Broome,US,2021-01-31 15:02:43,42.2506,-75.833,12.99,92,1,5.75
198,Vila Velha,BR,2021-01-31 15:02:09,-20.3297,-40.2925,89.6,55,40,12.66
199,Lazaro Cardenas,MX,2021-01-31 15:00:01,17.9583,-102.2,77.85,72,4,3.47
200,Te Anau,NZ,2021-01-31 15:02:44,-45.4167,167.7167,50.38,86,92,2.71
201,Longyearbyen,SJ,2021-01-31 15:02:44,78.2186,15.6401,-5.8,59,20,18.41
202,Carnarvon,AU,2021-01-31 15:02:44,-24.8667,113.6333,84.2,70,20,16.11
203,Beringovskiy,RU,2021-01-31 15:02:44,63.05,179.3167,8.44,95,100,25.48
204,Rawson,AR,2021-01-31 15:02:44,-43.3002,-65.1023,75.85,29,24,16.26
205,Tupiza,BO,2021-01-31 15:02:44,-21.45,-65.7167,70.86,29,4,8.5
206,Petropavlovsk-Kamchatskiy,RU,2021-01-31 15:02:44,53.0452,158.6483,19.4,63,76,2.24
207,Lengshuitan,CN,2021-01-31 15:02:45,26.4111,111.5956,55.38,60,56,3.11
208,Maneadero,MX,2021-01-31 15:02:45,31.7167,-116.5667,53.8,53,85,2.71
209,Ponta Do Sol,PT,2021-01-31 15:02:45,32.6667,-17.1,66.0,61,0,3.0
210,Hirara,JP,2021-01-31 15:02:45,24.8,125.2833,67.39,66,60,17.25
211,Lebu,CL,2021-01-31 15:02:45,-37.6167,-73.65,63.41,67,0,11.27
212,Ribeira Grande,PT,2021-01-31 15:02:46,38.5167,-28.7,64.4,94,75,10.36
213,Port Elizabeth,ZA,2021-01-31 15:02:46,-33.918,25.5701,77.0,61,0,16.11
214,Youghal,IE,2021-01-31 15:02:46,51.95,-7.8506,48.0,100,90,10.36
215,Merritt Island,US,2021-01-31 15:02:46,28.5392,-80.672,69.8,77,90,8.05
216,Yulara,AU,2021-01-31 15:02:46,-25.2406,130.9889,93.2,22,75,9.22
217,Anadyr,RU,2021-01-31 15:02:46,64.75,177.4833,5.0,85,90,31.32
218,Tongliao,CN,2021-01-31 15:02:47,43.6125,122.2653,8.22,95,100,9.84
219,Benghazi,LY,2021-01-31 15:02:47,32.1167,20.0667,67.53,52,0,16.15
220,Zhangye,CN,2021-01-31 15:02:47,38.9342,100.4517,23.83,68,0,4.72
221,Batagay,RU,2021-01-31 15:02:47,67.6333,134.6333,-48.89,76,80,0.49
222,Malandag,PH,2021-01-31 15:02:47,6.3094,125.2428,73.89,89,100,4.45
223,Hofn,IS,2021-01-31 15:02:48,64.2539,-15.2082,26.6,46,0,9.22
224,Rottingdean,GB,2021-01-31 14:59:12,50.8098,-0.0594,39.0,100,75,10.36
225,Dawlatabad,AF,2021-01-31 15:02:48,36.4141,64.9053,50.11,76,6,1.14
226,Barra,BR,2021-01-31 15:02:48,-11.0894,-43.1417,90.97,38,3,4.36
227,Saint George,US,2021-01-31 15:01:36,37.1041,-113.5841,26.6,100,1,2.89
228,Samarai,PG,2021-01-31 15:02:48,-10.6167,150.6667,82.63,74,98,15.41
229,Ust-Barguzin,RU,2021-01-31 15:02:49,53.45,108.9833,-16.28,87,100,5.57
230,America Dourada,BR,2021-01-31 15:02:49,-11.4553,-41.4361,89.29,35,49,8.43
231,Eyl,SO,2021-01-31 15:02:49,7.9803,49.8164,74.66,69,0,17.31
232,Grindavik,IS,2021-01-31 15:02:49,63.8424,-22.4338,30.2,80,75,16.11
233,Hithadhoo,MV,2021-01-31 15:02:49,-0.6,73.0833,83.1,75,100,13.49
234,Ormara,PK,2021-01-31 15:02:49,25.2088,64.6357,71.89,73,0,15.39
235,Provideniya,RU,2021-01-31 15:02:49,64.3833,-173.3,-8.1,87,100,23.91
236,Sakaiminato,JP,2021-01-31 15:02:50,35.55,133.2333,35.6,87,0,3.44
237,Saint Anthony,US,2021-01-31 15:02:50,45.0205,-93.218,28.99,86,90,4.61
238,Acari,PE,2021-01-31 15:02:50,-15.4311,-74.6158,78.96,48,47,9.24
239,Shimoda,JP,2021-01-31 15:02:50,34.6667,138.95,36.0,71,65,10.02
240,Pevek,RU,2021-01-31 15:02:50,69.7008,170.3133,-30.68,84,59,2.8
241,Great Yarmouth,GB,2021-01-31 15:02:06,52.6083,1.7305,39.2,56,0,16.11
242,Emerald,AU,2021-01-31 15:02:50,-23.5333,148.1667,78.8,53,0,13.8
243,Inongo,CD,2021-01-31 15:01:22,-1.95,18.2667,79.47,70,56,2.86
244,Ust-Nera,RU,2021-01-31 15:02:51,64.5667,143.2,-32.55,74,82,7.27
245,Santa Rosa,PH,2021-01-31 15:02:34,14.3122,121.1114,77.0,73,20,3.44
246,Aquidauana,BR,2021-01-31 15:02:51,-20.4711,-55.7872,86.56,64,100,7.49
247,Banda Aceh,ID,2021-01-31 15:02:51,5.5577,95.3222,78.35,81,100,13.67
248,Port Macquarie,AU,2021-01-31 15:02:51,-31.4333,152.9167,71.6,94,75,1.14
249,Hervey Bay,AU,2021-01-31 15:02:51,-25.2986,152.8535,73.99,94,75,10.36
250,Stornoway,GB,2021-01-31 15:02:52,58.2093,-6.3865,37.99,65,20,5.75
251,Ketchikan,US,2021-01-31 15:02:52,55.3422,-131.6461,33.8,86,1,5.75
252,Half Moon Bay,US,2021-01-31 15:02:52,37.4636,-122.4286,51.8,76,1,6.26
253,Narsaq,GL,2021-01-31 15:02:52,60.9167,-46.05,39.2,30,75,26.46
254,Promissao,BR,2021-01-31 15:02:52,-21.5367,-49.8581,87.17,58,63,3.83
255,Port-Gentil,GA,2021-01-31 15:01:14,-0.7193,8.7815,86.0,70,40,4.61
256,Buala,SB,2021-01-31 15:02:52,-8.145,159.5921,80.67,80,99,13.8
257,Nanortalik,GL,2021-01-31 15:02:53,60.1432,-45.2371,32.52,89,100,7.0
258,Alenquer,BR,2021-01-31 15:02:53,-1.9417,-54.7383,78.8,83,75,6.91
259,Bat Yam,IL,2021-01-31 15:02:53,32.0231,34.7503,64.99,68,20,2.3
260,Chokurdakh,RU,2021-01-31 15:02:53,70.6333,147.9167,-29.47,85,36,10.65
261,Kamenka,RU,2021-01-31 15:02:53,51.3223,42.7678,35.01,94,100,7.0
262,Innisfail,AU,2021-01-31 15:02:53,-17.5333,146.0333,75.24,90,100,3.56
263,Silver City,US,2021-01-31 14:59:30,32.7701,-108.2803,32.0,74,1,5.75
264,Harnosand,SE,2021-01-31 15:02:54,62.6323,17.9379,15.01,79,0,2.3
265,Koslan,RU,2021-01-31 15:02:54,63.4564,48.8989,18.34,97,100,8.46
266,Assiniboia,CA,2021-01-31 15:02:54,49.6334,-105.9845,-5.8,77,0,2.3
267,Abrau-Dyurso,RU,2021-01-31 15:02:54,44.69,37.59,50.0,81,75,13.42
268,Hay River,CA,2021-01-31 15:02:54,60.8156,-115.7999,-16.6,76,100,10.36
269,Taltal,CL,2021-01-31 15:01:12,-25.4,-70.4833,71.13,62,1,5.84
270,Guane,CU,2021-01-31 15:02:55,22.2025,-84.0875,74.95,73,99,12.3
271,Nuqui,CO,2021-01-31 15:02:55,5.7125,-77.2708,82.08,74,78,4.23
272,Wajima,JP,2021-01-31 15:02:55,37.4,136.9,38.97,74,0,8.21
273,Lavrentiya,RU,2021-01-31 15:02:55,65.5833,-171.0,-10.05,86,100,13.4
274,Bathsheba,BB,2021-01-31 15:02:55,13.2167,-59.5167,84.2,61,40,23.02
275,Norwich,GB,2021-01-31 15:00:52,52.6278,1.2983,39.2,56,0,16.11
276,Yar-Sale,RU,2021-01-31 15:02:56,66.8333,70.8333,-7.94,90,100,9.04
277,Fairbanks,US,2021-01-31 14:58:32,64.8378,-147.7164,-5.8,77,90,0.04
278,Koulikoro,ML,2021-01-31 15:02:56,14.0,-7.75,91.6,9,100,9.42
279,Rumonge,BI,2021-01-31 15:02:56,-3.9736,29.4386,80.37,61,97,1.01
280,Mandali,IQ,2021-01-31 15:02:56,33.7499,45.5541,56.35,41,28,1.95
281,Ucluelet,CA,2021-01-31 15:00:05,48.9329,-125.5528,46.0,92,100,3.0
282,Qiongshan,CN,2021-01-31 15:02:57,20.0058,110.3542,64.4,100,0,13.42
283,Tabou,CI,2021-01-31 15:02:57,4.423,-7.3528,82.29,80,57,7.31
284,Lakatoro,VU,2021-01-31 15:02:57,-16.0999,167.4164,78.62,75,22,3.6
285,Richards Bay,ZA,2021-01-31 15:02:57,-28.783,32.0377,86.95,67,0,14.5
286,Saint-Pierre,RE,2021-01-31 15:02:57,-21.3393,55.4781,84.2,70,0,28.77
287,Puerto Escondido,MX,2021-01-31 15:02:57,15.85,-97.0667,77.0,88,1,5.75
288,Ilo,PE,2021-01-31 15:02:45,-17.6394,-71.3375,73.29,63,38,9.78
289,Takoradi,GH,2021-01-31 15:02:58,4.8845,-1.7554,83.82,74,78,8.84
290,Havre-Saint-Pierre,CA,2021-01-31 15:02:58,50.2334,-63.5986,24.8,68,90,6.91
291,Nazarovo,RU,2021-01-31 15:02:58,56.0064,90.3914,-20.72,83,72,7.18
292,Ponca City,US,2021-01-31 15:02:58,36.707,-97.0856,35.6,69,1,17.27
293,Longhua,CN,2021-01-31 15:02:59,23.6137,114.1919,57.2,74,0,1.07
294,Conceicao Do Araguaia,BR,2021-01-31 15:02:59,-8.2578,-49.2647,88.79,58,83,3.96
295,Cairns,AU,2021-01-31 15:02:59,-16.9167,145.7667,78.8,83,100,8.05
296,Pontes E Lacerda,BR,2021-01-31 15:02:36,-15.2261,-59.3353,80.15,73,92,5.3
297,Marathon,US,2021-01-31 15:02:59,44.9,-89.7668,26.01,86,90,8.05
298,Rivers,CA,2021-01-31 15:02:59,50.0308,-100.2403,17.6,86,90,6.91
299,Ust-Omchug,RU,2021-01-31 15:02:59,61.15,149.6333,-27.78,80,100,9.91
300,Bilma,NE,2021-01-31 15:03:00,18.6853,12.9164,81.46,13,0,2.06
301,Saint-Denis,FR,2021-01-31 15:03:00,48.9167,2.3333,50.0,93,90,4.61
302,Dawei,MM,2021-01-31 15:03:00,14.0833,98.2,73.11,74,0,4.14
303,Yangjiang,CN,2021-01-31 15:03:00,21.85,111.9667,61.34,86,78,3.94
304,Mayskiy,RU,2021-01-31 15:03:00,47.6931,40.1025,42.8,93,40,17.9
305,Catamarca,AR,2021-01-31 15:00:49,-28.4696,-65.7852,64.99,77,69,3.0
306,Srednekolymsk,RU,2021-01-31 15:03:01,67.45,153.6833,-31.88,84,100,6.89
307,Barahona,DO,2021-01-31 15:00:03,18.2085,-71.1008,75.2,83,40,5.61
308,Sangar,RU,2021-01-31 15:03:01,63.9242,127.4739,-48.12,76,70,5.66
309,Mehamn,NO,2021-01-31 15:03:01,71.0357,27.8492,25.18,96,100,17.27
310,Cootamundra,AU,2021-01-31 15:03:01,-34.65,148.0333,66.99,78,0,5.99
311,Mukhen,RU,2021-01-31 15:03:02,48.1,136.1,-14.78,85,6,5.82
312,Kloulklubed,PW,2021-01-31 15:03:02,7.0419,134.2556,80.6,78,75,8.05
313,Kumluca,TR,2021-01-31 15:03:02,36.3703,30.2869,56.66,65,0,0.43
314,Muncar,ID,2021-01-31 15:03:02,-8.4333,114.3333,77.29,86,100,3.67
315,Bialogard,PL,2021-01-31 15:03:02,54.007,15.9875,30.0,75,96,11.01
316,Stonehaven,GB,2021-01-31 15:03:03,56.9637,-2.2118,35.6,80,90,1.14
317,Constantine,DZ,2021-01-31 15:03:03,36.365,6.6147,53.6,62,75,16.11
318,Kununurra,AU,2021-01-31 15:03:03,-15.7667,128.7333,78.8,100,76,5.39
319,Praia,CV,2021-01-31 15:03:03,14.9215,-23.5087,84.2,42,0,17.27
320,Acheng,CN,2021-01-31 15:03:03,45.5454,126.977,5.0,85,75,8.95
321,Saint-Francois,FR,2021-01-31 15:03:03,46.4154,3.9054,51.01,87,90,5.75
322,Porto Velho,BR,2021-01-31 15:03:04,-8.7619,-63.9039,80.6,78,75,3.44
323,Quatre Cocos,MU,2021-01-31 15:03:04,-20.2078,57.7625,84.2,65,75,10.36
324,Valparaiso,CL,2021-01-31 15:00:10,-33.0393,-71.6273,66.2,100,90,3.44
325,Ferrol,ES,2021-01-31 15:03:04,43.4832,-8.2369,61.0,83,75,8.01
326,Lagoa,PT,2021-01-31 15:03:04,39.05,-27.9833,62.08,93,100,22.91
327,Mutis,CO,2021-01-31 15:03:04,6.2262,-77.4044,80.13,74,99,4.03
328,Bonthe,SL,2021-01-31 15:03:04,7.5264,-12.505,88.41,53,85,10.96
329,Bambous Virieux,MU,2021-01-31 15:03:05,-20.3428,57.7575,84.2,65,75,10.36
330,Bytosh,RU,2021-01-31 15:03:05,53.8186,34.0912,23.0,80,75,11.18
331,Haapiti,PF,2021-01-31 15:03:05,-17.5667,-149.8667,75.2,69,75,10.42
332,Severo-Kurilsk,RU,2021-01-31 15:03:05,50.6789,156.125,22.03,94,100,40.82
333,Port Keats,AU,2021-01-31 15:03:05,-14.25,129.55,77.49,93,100,8.59
334,Boddam,GB,2021-01-31 15:03:05,57.4667,-1.7833,35.6,80,90,1.14
335,Siavonga,ZM,2021-01-31 15:03:06,-16.5382,28.7088,84.2,68,95,1.72
336,Nanakuli,US,2021-01-31 15:03:06,21.3906,-158.1547,71.6,83,90,3.44
337,General Roca,AR,2021-01-31 15:03:06,-39.0333,-67.5833,62.6,77,75,8.05
338,Fuente De Oro,CO,2021-01-31 15:03:06,3.4594,-73.6128,87.49,42,5,13.22
339,Gizo,SB,2021-01-31 15:03:06,-8.103,156.8419,84.04,73,100,19.98
340,Mankayan,PH,2021-01-31 15:03:06,16.85,120.8,53.74,93,61,4.99
341,Lorengau,PG,2021-01-31 15:03:06,-2.0226,147.2712,82.47,79,100,8.99
342,Socorro,US,2021-01-31 15:03:07,31.6546,-106.3033,39.99,38,1,5.75
343,Laguna,US,2021-01-31 15:03:07,38.421,-121.4238,48.99,81,90,3.44
344,Urucara,BR,2021-01-31 15:03:07,-2.5364,-57.76,88.68,54,0,5.97
345,Itamaraca,BR,2021-01-31 15:01:14,-7.7478,-34.8256,82.4,61,75,11.5
346,Kalabo,ZM,2021-01-31 15:03:07,-14.97,22.6814,77.47,68,100,6.35
347,Kudahuvadhoo,MV,2021-01-31 15:03:07,2.6708,72.8944,81.81,78,10,12.46
348,Marienburg,PL,2021-01-31 15:03:08,54.0359,19.0266,30.0,79,63,8.99
349,Nyuksenitsa,RU,2021-01-31 15:03:08,60.4128,44.2397,22.14,98,100,6.46
350,Banjar,ID,2021-01-31 15:03:08,-8.19,114.9675,80.6,89,40,5.75
351,San Quintin,MX,2021-01-31 15:03:08,30.4833,-115.95,54.61,74,96,0.65
352,Belmonte,BR,2021-01-31 15:03:08,-15.8631,-38.8828,82.4,65,40,10.36
353,Coruripe,BR,2021-01-31 15:03:08,-10.1256,-36.1756,85.05,61,34,12.3
354,Payo,ID,2021-01-31 15:03:09,-3.7508,103.6372,73.96,81,86,2.48
355,Katsuura,JP,2021-01-31 15:03:09,35.1333,140.3,43.0,45,75,8.05
356,San Carlos,VE,2021-01-31 15:03:09,9.6612,-68.5827,90.84,42,13,1.95
357,Solaro,IT,2021-01-31 15:03:09,44.8799,9.1732,51.01,81,21,1.99
358,Honiara,SB,2021-01-31 15:03:11,-9.4333,159.95,79.25,80,100,9.75
359,Ardesen,TR,2021-01-31 15:03:11,41.1911,40.9875,53.6,76,40,4.61
360,Sydney Mines,CA,2021-01-31 15:03:11,46.2367,-60.2177,35.01,86,75,18.41
361,Moerai,PF,2021-01-31 15:03:11,-22.4333,-151.3333,79.36,68,9,4.16
362,Flinders,AU,2021-01-31 15:03:11,-34.5833,150.8552,66.99,88,100,1.01
363,Celestun,MX,2021-01-31 15:03:12,20.8667,-90.4,71.78,72,57,9.28
364,Chapais,CA,2021-01-31 15:02:41,49.7834,-74.8492,-7.6,84,90,4.61
365,Balabac,PH,2021-01-31 15:03:12,7.9868,117.0645,80.29,78,89,17.11
366,Kouango,CF,2021-01-31 15:03:12,4.9934,19.9619,101.16,17,20,5.79
367,Kendari,ID,2021-01-31 15:03:12,-3.945,122.4989,77.63,87,100,2.68
368,Puerto Maldonado,PE,2021-01-31 14:59:11,-12.6,-69.1833,80.6,74,0,8.05
369,Bom Jesus,BR,2021-01-31 15:03:12,-9.0744,-44.3586,95.23,32,7,7.63
370,Marsh Harbour,BS,2021-01-31 15:03:13,26.5412,-77.0636,70.81,69,79,15.66
371,Sarmanovo,RU,2021-01-31 15:03:13,55.2553,52.5891,32.0,55,0,13.42
372,Komsomolskiy,UZ,2021-01-31 15:03:13,40.4272,71.7189,42.8,45,100,4.61
373,Harstad,NO,2021-01-31 15:03:13,68.799,16.5293,26.01,95,84,11.01
374,Jinchang,CN,2021-01-31 15:03:13,38.4953,102.1739,27.09,63,0,6.51
375,Meulaboh,ID,2021-01-31 15:03:13,4.1363,96.1285,78.39,81,87,3.69
376,Karema,TZ,2021-01-31 15:03:14,-6.8205,30.4389,78.4,73,95,5.97
377,Carbonia,IT,2021-01-31 15:03:14,39.1672,8.5222,57.2,77,75,16.11
378,Trincomalee,LK,2021-01-31 15:03:14,8.5711,81.2335,79.65,83,4,13.47
379,Zyryanka,RU,2021-01-31 15:03:14,65.75,150.85,-29.78,82,100,17.52
380,Saskatoon,CA,2021-01-31 15:03:15,52.1168,-106.6345,10.4,79,90,2.3
381,Luba,GQ,2021-01-31 15:03:15,3.4568,8.5547,89.6,66,20,10.36
382,San Ramon,US,2021-01-31 15:03:16,37.7799,-121.978,48.2,81,75,1.68
383,Murowana Goslina,PL,2021-01-31 15:03:16,52.5746,17.0093,32.0,69,0,8.05
384,Pangnirtung,CA,2021-01-31 15:03:16,66.1451,-65.7125,0.86,85,95,2.62
385,Winter Garden,US,2021-01-31 15:03:17,28.5653,-81.5862,66.99,83,44,1.01
386,Waipawa,NZ,2021-01-31 15:03:17,-41.4122,175.5153,57.2,82,42,13.8
387,Umm Lajj,SA,2021-01-31 15:03:17,25.0213,37.2685,73.96,50,0,16.22
388,Mbuguni,TZ,2021-01-31 15:03:18,-3.5667,36.95,93.2,24,20,11.5
389,Kattivakkam,IN,2021-01-31 15:03:18,13.2167,80.3167,78.8,73,20,9.22
390,Masjid Tanah,MY,2021-01-31 15:03:18,2.3455,102.1107,78.8,83,20,4.61
391,Massakory,TD,2021-01-31 15:02:11,12.996,15.7293,95.5,10,0,5.93
392,Urumqi,CN,2021-01-31 15:01:14,43.801,87.6005,-0.4,92,55,2.24
393,Carutapera,BR,2021-01-31 15:03:18,-1.195,-46.02,87.96,58,3,10.11
394,Yeppoon,AU,2021-01-31 15:03:19,-23.1333,150.7333,75.2,83,52,8.05
395,Samandag,TR,2021-01-31 15:03:19,36.0842,35.9771,53.6,66,40,14.97
396,Chunoyar,RU,2021-01-31 15:03:19,57.4467,97.3217,-36.63,78,0,1.88
397,Turayf,SA,2021-01-31 15:03:19,31.6725,38.6637,60.8,51,40,13.8
398,Kunyang,CN,2021-01-31 15:03:19,27.6658,120.5658,55.6,85,5,1.88
399,Alyangula,AU,2021-01-31 15:03:20,-13.8483,136.4192,86.0,79,40,8.05
400,Nioaque,BR,2021-01-31 15:03:20,-21.1353,-55.83,85.06,67,100,8.81
401,Ipixuna,BR,2021-01-31 15:03:20,-1.7625,-48.8043,87.8,58,75,14.97
402,Alta Floresta,BR,2021-01-31 15:03:20,-9.8756,-56.0861,84.2,79,75,2.3
403,Sinnamary,GF,2021-01-31 15:03:20,5.3833,-52.95,80.44,74,33,14.16
404,Turukhansk,RU,2021-01-31 15:03:21,65.8167,87.9833,-16.13,82,100,10.8
405,Mets Masrik,AM,2021-01-31 15:03:21,40.2183,45.7681,25.7,89,38,8.08
406,Bandarbeyla,SO,2021-01-31 15:03:21,9.4942,50.8122,75.04,66,0,16.46
407,Atagay,RU,2021-01-31 15:03:21,55.1033,99.3875,-28.97,81,0,3.31
408,Northam,GB,2021-01-31 15:03:21,51.0333,-4.2167,42.01,92,100,5.99
409,Creston,US,2021-01-31 15:03:21,41.0586,-94.3614,28.99,100,90,21.85
410,Robe,AU,2021-01-31 15:03:22,-37.1833,139.75,59.18,79,66,9.82
411,Sandpoint,US,2021-01-31 14:58:27,48.2766,-116.5533,34.0,100,90,8.05
412,Saldanha,ZA,2021-01-31 15:03:22,-33.0117,17.9442,69.42,78,54,9.78
413,Mabaruma,GY,2021-01-31 15:03:22,8.2,-59.7833,83.64,65,14,9.6
414,Atchison,US,2021-01-31 15:00:54,39.563,-95.1216,32.0,91,95,19.66
415,Port-Cartier,CA,2021-01-31 15:03:23,50.0334,-66.8654,23.0,68,2,4.61
416,Tilichiki,RU,2021-01-31 15:03:23,60.4667,166.1,-11.04,89,100,17.2
417,Akaltara,IN,2021-01-31 15:03:23,22.0167,82.4333,62.29,26,0,1.72
418,Nouadhibou,MR,2021-01-31 15:03:23,20.931,-17.0347,86.0,21,0,13.8
419,Iskateley,RU,2021-01-31 15:03:23,67.6803,53.1512,6.66,95,99,8.97
420,Kieta,PG,2021-01-31 15:03:23,-6.2167,155.6333,81.07,80,100,12.15
421,Itoman,JP,2021-01-31 15:03:23,26.1247,127.6694,64.4,63,20,6.91
422,Taoudenni,ML,2021-01-31 15:03:24,22.6783,-3.9836,86.32,12,0,4.03
423,Sao Joao Da Barra,BR,2021-01-31 15:03:24,-21.6403,-41.0511,89.6,45,0,16.11
424,Mayo,US,2021-01-31 15:03:24,38.8876,-76.5119,32.0,100,90,11.5
425,Yatou,CN,2021-01-31 15:03:24,37.15,122.3833,40.05,85,73,8.57
426,Guerrero Negro,MX,2021-01-31 15:03:24,27.9769,-114.0611,56.08,56,86,4.05
427,Nortelandia,BR,2021-01-31 15:03:24,-14.4547,-56.8028,78.12,84,100,2.64
428,Sirajganj,BD,2021-01-31 15:01:09,24.45,89.7167,62.56,54,0,1.39
429,Nemuro,JP,2021-01-31 15:03:25,43.3236,145.575,22.35,88,29,22.06
430,Mayaguez,PR,2021-01-31 15:02:15,18.2011,-67.1396,82.99,81,66,8.99
431,El Jicaro,GT,2021-01-31 15:03:25,14.9167,-89.9,68.0,94,0,0.87
432,Ambilobe,MG,2021-01-31 15:03:25,-13.2,49.05,79.05,87,93,2.95
433,Suicheng,CN,2021-01-31 15:03:25,33.8963,117.9331,49.44,60,100,8.97
434,Uige,AO,2021-01-31 15:03:26,-7.6087,15.0613,76.64,85,55,3.06
435,Coihaique,CL,2021-01-31 15:03:26,-45.5752,-72.0662,64.4,48,0,6.91
436,Fallon,US,2021-01-31 15:03:26,39.4735,-118.7774,30.2,86,90,3.44
437,Ratnagiri,IN,2021-01-31 15:03:26,16.9833,73.3,78.17,62,0,10.58
438,Cidreira,BR,2021-01-31 15:03:26,-30.1811,-50.2056,81.1,71,98,8.84
439,Colesberg,ZA,2021-01-31 15:03:26,-30.72,25.0972,87.67,11,0,19.75
440,Codrington,AU,2021-01-31 15:03:27,-38.2667,141.9667,52.7,85,0,6.49
441,Tortoli,IT,2021-01-31 15:03:27,39.9256,9.6572,57.2,58,40,8.05
442,Altay,CN,2021-01-31 15:03:28,47.8667,88.1167,13.96,70,41,3.85
443,Doha,QA,2021-01-31 15:00:14,25.2867,51.5333,68.0,45,0,12.66
444,Iza,UA,2021-01-31 15:03:28,48.2152,23.3287,35.01,73,100,2.3
445,Caravelas,BR,2021-01-31 15:03:28,-17.7125,-39.2481,86.07,56,4,9.89
446,Izazi,TZ,2021-01-31 15:03:28,-7.2,35.7333,82.09,61,100,5.19
447,Tommot,RU,2021-01-31 15:03:28,58.9564,126.2925,-42.02,77,82,2.89
448,Dindori,IN,2021-01-31 15:03:28,22.95,81.0833,55.29,36,0,4.21
449,Boffa,GN,2021-01-31 15:03:29,10.1667,-14.0333,92.12,33,38,9.62
450,Torgelow,DE,2021-01-31 15:03:29,53.6333,14.0167,32.0,74,75,14.97
451,Starodub,RU,2021-01-31 15:03:29,52.5844,32.7633,22.59,96,97,11.34
452,Arman,RU,2021-01-31 15:03:29,59.7,150.1667,-14.04,77,99,14.56
453,Atherton,GB,2021-01-31 15:03:29,53.5237,-2.4935,41.0,46,100,7.0
454,Ozernovskiy,RU,2021-01-31 15:03:30,51.5,156.5167,9.64,94,100,13.4
455,Chiredzi,ZW,2021-01-31 15:01:02,-21.05,31.6667,86.68,61,66,8.86
456,Eenhana,NA,2021-01-31 15:03:30,-17.4667,16.3333,89.6,40,75,4.61
457,Shanhetun,CN,2021-01-31 15:03:30,44.7,127.2,11.98,96,100,4.97
458,Linxia,CN,2021-01-31 15:03:31,35.6003,103.2064,26.08,80,41,0.85
459,Ilulissat,GL,2021-01-31 15:03:31,69.2167,-51.1,8.6,61,90,19.57
460,Puri,IN,2021-01-31 15:03:31,19.8,85.85,71.6,64,0,2.3
461,Mayumba,GA,2021-01-31 15:03:31,-3.432,10.6554,82.54,75,10,9.55
462,Borgarnes,IS,2021-01-31 15:03:31,64.5383,-21.9206,30.2,64,40,16.11
463,Miracatu,BR,2021-01-31 15:03:32,-24.2814,-47.4597,96.51,38,100,4.61
464,Baruun-Urt,MN,2021-01-31 15:03:32,46.6806,113.2792,-8.21,88,100,5.5
465,Kjollefjord,NO,2021-01-31 15:03:32,70.9457,27.3465,25.39,95,100,16.87
466,Port Said,EG,2021-01-31 15:03:32,31.2565,32.2841,66.2,68,0,5.75
467,Iracoubo,GF,2021-01-31 15:03:32,5.4802,-53.2011,81.3,72,25,14.18
468,Behshahr,IR,2021-01-31 15:03:33,36.6923,53.5526,57.2,67,0,2.3
469,Santana Do Livramento,BR,2021-01-31 15:03:33,-30.8908,-55.5328,76.19,79,99,6.04
470,Yaring,TH,2021-01-31 15:03:33,6.8662,101.3689,77.94,79,36,12.48
471,Karpathos,GR,2021-01-31 15:03:33,35.507,27.2132,62.6,77,40,12.66
472,Ishigaki,JP,2021-01-31 15:03:33,24.3448,124.1572,68.18,67,54,15.57
473,Sabang,ID,2021-01-31 15:03:33,5.8933,95.3214,81.72,77,82,22.21
474,Arroyo,ES,2021-01-31 15:03:34,41.6096,-4.7969,60.01,67,40,25.32
475,Krasnoarmeysk,RU,2021-01-31 15:03:34,51.0239,45.6969,28.99,96,100,1.99
476,Zhanaozen,KZ,2021-01-31 15:03:34,43.3,52.8,44.29,82,74,6.67
477,Roald,NO,2021-01-31 15:03:34,62.5833,6.1333,30.0,100,40,3.44
478,Beloha,MG,2021-01-31 15:03:34,-25.1667,45.05,86.13,60,11,11.72
479,De Aar,ZA,2021-01-31 15:03:34,-30.6497,24.0123,88.61,10,0,24.34
480,Sorland,NO,2021-01-31 15:03:34,67.667,12.6934,32.0,64,40,12.66
481,Jumla,NP,2021-01-31 15:03:03,29.2747,82.1838,33.57,76,0,2.89
482,Hun,LY,2021-01-31 15:03:35,29.1268,15.9477,79.0,16,0,18.7
483,Alofi,NU,2021-01-31 15:03:35,-19.0595,-169.9187,75.2,94,75,4.61
484,Suriapet,IN,2021-01-31 15:03:35,17.15,79.6167,76.64,45,84,3.8
485,Oranjemund,NA,2021-01-31 15:03:36,-28.55,16.4333,69.26,70,1,16.44
486,Omidiyeh,IR,2021-01-31 15:03:36,30.7597,49.705,64.4,34,0,13.8
487,Klaebu,NO,2021-01-31 15:03:36,63.2976,10.4826,30.2,100,90,12.66
488,Labuhan,ID,2021-01-31 15:03:36,-6.8844,112.2051,79.25,85,100,11.39
489,Tsiroanomandidy,MG,2021-01-31 15:03:36,-18.7667,46.0333,76.3,82,69,2.64
490,Meadow Lake,US,2021-01-31 15:03:37,34.8014,-106.5436,28.4,69,1,5.75
491,Kajaani,FI,2021-01-31 15:03:37,64.2273,27.7285,17.6,93,90,1.14
492,Sokolovo,RU,2021-01-31 15:03:37,52.5318,84.7896,11.39,95,92,8.84
493,Kenai,US,2021-01-31 15:03:37,60.5544,-151.2583,3.0,77,1,3.44
494,Skibbereen,IE,2021-01-31 15:03:37,51.55,-9.2667,46.4,100,90,10.36
495,Januaria,BR,2021-01-31 15:03:37,-15.4833,-44.3667,92.32,37,0,3.8
496,Santa Isabel Do Rio Negro,BR,2021-01-31 15:03:38,-0.4139,-65.0192,82.38,84,68,4.45
497,Cabo San Lucas,MX,2021-01-31 14:59:12,22.8909,-109.9124,59.0,63,40,12.66
498,Krasnozerskoye,RU,2021-01-31 15:03:38,53.9828,79.2374,-0.11,88,42,9.04
499,Surab,PK,2021-01-31 15:03:38,28.4914,66.2585,47.5,49,0,2.28
500,Camana,PE,2021-01-31 15:03:38,-16.6228,-72.7111,74.35,64,64,10.85
501,Port Blair,IN,2021-01-31 15:03:38,11.6667,92.75,80.06,79,0,10.2
502,Necochea,AR,2021-01-31 15:03:39,-38.5473,-58.7368,64.99,54,100,5.01
503,Grand Gaube,MU,2021-01-31 15:03:39,-20.0064,57.6608,82.0,72,36,8.99
504,Huarmey,PE,2021-01-31 15:03:39,-10.0681,-78.1522,76.03,65,18,9.6
505,Pitimbu,BR,2021-01-31 15:03:39,-7.4706,-34.8086,86.0,66,75,13.8
506,Boueni,YT,2021-01-31 15:03:39,-12.9025,45.0761,87.8,66,0,6.91
507,Buraydah,SA,2021-01-31 15:03:39,26.326,43.975,69.8,40,0,6.91
508,Mackenzie,CA,2021-01-31 15:03:40,55.2999,-123.1698,12.2,85,90,6.91
509,Churapcha,RU,2021-01-31 15:03:40,62.0025,132.4325,-46.84,77,85,3.98
510,Poshekhonye,RU,2021-01-31 15:03:40,58.4993,39.1353,22.14,98,100,3.98
511,Razole,IN,2021-01-31 15:03:40,16.4833,81.8333,78.8,73,43,5.75
512,Abilene,US,2021-01-31 15:03:40,32.4487,-99.7331,44.6,57,1,13.8
513,Ha Tinh,VN,2021-01-31 15:03:40,18.3333,105.9,65.88,93,86,0.31
514,Cradock,ZA,2021-01-31 15:03:41,-32.1642,25.6192,93.78,9,0,20.11
515,Cabinda,AO,2021-01-31 15:03:41,-5.55,12.2,82.4,72,34,8.9
516,Prince George,CA,2021-01-31 15:00:05,53.9166,-122.753,24.8,86,40,10.36
517,Staraya Poltavka,RU,2021-01-31 15:03:41,50.4772,46.4814,33.13,94,100,18.99
518,Jaragua,BR,2021-01-31 15:03:41,-15.7569,-49.3344,80.6,50,40,3.44
519,Vila Do Maio,CV,2021-01-31 15:03:41,15.1333,-23.2167,84.2,42,0,17.27
520,Camacha,PT,2021-01-31 15:03:42,33.0833,-16.3333,64.4,77,20,11.5
521,Amposta,ES,2021-01-31 15:03:42,40.7131,0.581,61.0,53,67,1.99
522,Okhotsk,RU,2021-01-31 15:03:42,59.3833,143.3,-13.22,78,0,16.89
523,Port Arthur,CN,2021-01-31 15:03:42,38.8,121.2667,30.2,100,64,4.47
524,Stillwater,US,2021-01-31 15:03:19,36.1156,-97.0584,36.0,69,1,12.66
525,Fort Nelson,CA,2021-01-31 15:03:42,58.8053,-122.7002,-22.0,76,20,2.95
526,Jermuk,AM,2021-01-31 15:03:42,39.8417,45.6723,18.28,92,59,2.26
527,Cabo Rojo,PR,2021-01-31 15:03:43,18.0866,-67.1457,82.99,68,51,1.01
528,Costinesti,RO,2021-01-31 15:03:43,43.95,28.6333,45.0,100,40,13.8
529,Vysokaya Gora,RU,2021-01-31 15:03:43,55.9128,49.3017,28.4,69,0,17.9
530,Dwarka,IN,2021-01-31 15:03:43,22.2394,68.9678,69.1,55,0,11.95
531,Canton,CN,2021-01-31 14:58:52,23.1167,113.25,70.0,59,0,2.24
532,Guanica,PR,2021-01-31 15:03:43,17.9716,-66.908,84.0,57,59,4.0
533,Baykit,RU,2021-01-31 15:03:44,61.67,96.37,-32.08,78,0,1.28
534,Dulce Nombre De Culmi,HN,2021-01-31 15:03:44,15.1,-85.5333,71.6,88,20,2.8
535,Gat,IL,2021-01-31 15:03:44,31.61,34.7642,64.99,68,20,2.3
536,Hamilton,US,2021-01-31 14:59:57,39.1834,-84.5333,37.0,93,90,6.91
537,Spanish Town,JM,2021-01-31 15:03:44,17.9911,-76.9574,86.0,58,40,24.16
538,Hambantota,LK,2021-01-31 15:03:44,6.1241,81.1185,77.0,100,40,6.91
539,Egvekinot,RU,2021-01-31 15:03:45,66.3167,-179.1667,-15.16,90,100,17.47
540,Filingue,NE,2021-01-31 15:03:45,14.3521,3.3168,91.33,10,0,10.25
541,Camanducaia,BR,2021-01-31 15:03:45,-22.7553,-46.1447,91.4,38,40,4.61
542,Kulhudhuffushi,MV,2021-01-31 15:03:45,6.6221,73.07,81.99,74,44,9.46
543,Paka,MY,2021-01-31 15:03:45,4.6374,103.4368,77.0,94,58,9.22
544,Camacari,BR,2021-01-31 15:03:45,-12.6975,-38.3242,82.4,74,75,12.66
545,Shitanjing,CN,2021-01-31 15:03:46,39.2342,106.3439,25.88,71,0,18.39
546,Aripuana,BR,2021-01-31 15:03:02,-9.1667,-60.6333,88.18,55,1,3.49
547,Viedma,AR,2021-01-31 15:00:30,-40.8135,-62.9967,73.0,45,5,1.99
548,Yumen,CN,2021-01-31 15:03:46,40.2833,97.2,26.28,67,0,13.31
549,Ahipara,NZ,2021-01-31 15:03:46,-35.1667,173.1667,57.15,80,0,3.85
550,Miraflores,MX,2021-01-31 15:03:46,19.2167,-98.8083,57.2,47,1,3.96
551,Solomenskoye,RU,2021-01-31 15:03:46,44.2167,44.3528,39.47,83,87,2.59
552,Lensk,RU,2021-01-31 15:03:47,60.7253,114.9278,-26.43,81,100,9.17
